{
	"info": {
		"_postman_id": "484d0478-ef17-4445-8f4f-2e0b4ddee5c3",
		"name": "WishList",
		"schema": "https://schema.getpostman.com/json/collection/v2.1.0/collection.json"
	},
	"item": [
		{
			"name": "ListarUsuarios",
			"request": {
				"method": "GET",
				"header": [],
				"body": {
					"mode": "raw",
					"raw": ""
				},
				"url": {
					"raw": "http://localhost:5000/api/Usuario",
					"protocol": "http",
					"host": [
						"localhost"
					],
					"port": "5000",
					"path": [
						"api",
						"Usuario"
					]
				}
			},
			"response": []
		},
		{
			"name": "ListarDesejos",
			"request": {
				"method": "GET",
				"header": [],
				"body": {
					"mode": "raw",
					"raw": ""
				},
				"url": {
					"raw": "http://localhost:5000/api/Usuario",
					"protocol": "http",
					"host": [
						"localhost"
					],
					"port": "5000",
					"path": [
						"api",
						"Usuario"
					]
				}
			},
			"response": []
		},
		{
			"name": "ListarTodosOsDesejosDeUmUsuario",
			"request": {
				"method": "GET",
				"header": [],
				"body": {
					"mode": "raw",
					"raw": ""
				},
				"url": {
					"raw": "http://localhost:5000/api/Usuario",
					"protocol": "http",
					"host": [
						"localhost"
					],
					"port": "5000",
					"path": [
						"api",
						"Usuario"
					]
				}
			},
			"response": []
		},
		{
			"name": "CadastrarUsuário",
			"request": {
				"method": "POST",
				"header": [
					{
						"key": "Content-Type",
						"name": "Content-Type",
						"value": "application/json",
						"type": "text"
					}
				],
				"body": {
					"mode": "raw",
					"raw": "{\n        \n        \"nome\": \"Kevin\",\n        \"email\": \"kevinho@email.com\",\n        \"senha\": \"12345\"\n        \n    }"
				},
				"url": {
					"raw": "http://localhost:5000/api/Usuario",
					"protocol": "http",
					"host": [
						"localhost"
					],
					"port": "5000",
					"path": [
						"api",
						"Usuario"
					]
				}
			},
			"response": []
		},
		{
			"name": "CadastrarDesejo",
			"request": {
				"method": "POST",
				"header": [
					{
						"key": "Content-Type",
						"name": "Content-Type",
						"type": "text",
						"value": "application/json"
					}
				],
				"body": {
					"mode": "raw",
					"raw": "{\n       \n        \"idusuario\": 3,\n        \"datacriacao\": \"2019-04-25T00:00:00\",\n        \"descricao\": \"testando desejos desejos desejos desejos\"\n        \n    }"
				},
				"url": {
					"raw": "http://localhost:5000/api/Desejo",
					"protocol": "http",
					"host": [
						"localhost"
					],
					"port": "5000",
					"path": [
						"api",
						"Desejo"
					]
				}
			},
			"response": []
		},
		{
			"name": "Login",
			"request": {
				"method": "GET",
				"header": [],
				"body": {
					"mode": "raw",
					"raw": ""
				},
				"url": {
					"raw": "http://localhost:5000/api/Login",
					"protocol": "http",
					"host": [
						"localhost"
					],
					"port": "5000",
					"path": [
						"api",
						"Login"
					]
				}
			},
			"response": []
		}
	]
}