{
	"info": {
		"_postman_id": "b16f894a-b443-49df-a69e-33a4a0f109a5",
		"name": "Zabbix",
		"schema": "https://schema.getpostman.com/json/collection/v2.1.0/collection.json"
	},
	"item": [
		{
			"name": "01 apiinfo.version",
			"protocolProfileBehavior": {
				"disableBodyPruning": true
			},
			"request": {
				"method": "GET",
				"header": [
					{
						"key": "Content-Type",
						"name": "Content-Type",
						"value": "application/json",
						"type": "text"
					}
				],
				"body": {
					"mode": "raw",
					"raw": "\r\n{\"jsonrpc\":\"2.0\",\"method\":\"apiinfo.version\",\"id\":1,\"auth\":null,\"params\":{}}"
				},
				"url": {
					"raw": "https://monitor.blocktime.com.br/zabbix/api_jsonrpc.php",
					"protocol": "https",
					"host": [
						"monitor",
						"blocktime",
						"com",
						"br"
					],
					"path": [
						"zabbix",
						"api_jsonrpc.php"
					]
				}
			},
			"response": []
		},
		{
			"name": "02 user.login",
			"protocolProfileBehavior": {
				"disableBodyPruning": true
			},
			"request": {
				"method": "GET",
				"header": [
					{
						"key": "Content-Type",
						"name": "Content-Type",
						"value": "application/json",
						"type": "text"
					}
				],
				"body": {
					"mode": "raw",
					"raw": "{\r\n    \"jsonrpc\": \"2.0\",\r\n    \"method\": \"user.login\",\r\n    \"params\": {\r\n        \"user\": \"senai2.2019\",\r\n        \"password\": \"$3naI@2019\"\r\n    },\r\n    \"id\": 1,\r\n    \"auth\": null\r\n}"
				},
				"url": {
					"raw": "https://monitor.blocktime.com.br/zabbix/api_jsonrpc.php",
					"protocol": "https",
					"host": [
						"monitor",
						"blocktime",
						"com",
						"br"
					],
					"path": [
						"zabbix",
						"api_jsonrpc.php"
					]
				}
			},
			"response": []
		},
		{
			"name": "03 action.get",
			"protocolProfileBehavior": {
				"disableBodyPruning": true
			},
			"request": {
				"method": "GET",
				"header": [
					{
						"key": "Content-Type",
						"name": "Content-Type",
						"value": "application/json",
						"type": "text"
					}
				],
				"body": {
					"mode": "raw",
					"raw": "{\r\n    \"jsonrpc\": \"2.0\",\r\n    \"method\": \"action.get\",\r\n    \"params\": {\r\n        \"output\": \"extend\",\r\n        \"selectOperations\": \"extend\",\r\n        \"selectFilter\": \"extend\",\r\n        \"filter\": {\r\n            \"eventsource\": 1\r\n        }\r\n    },\r\n    \"auth\": \"126b9783b7f19818a94f7701ca5866b9\",\r\n    \"id\": 1\r\n}"
				},
				"url": {
					"raw": "https://monitor.blocktime.com.br/zabbix/api_jsonrpc.php",
					"protocol": "https",
					"host": [
						"monitor",
						"blocktime",
						"com",
						"br"
					],
					"path": [
						"zabbix",
						"api_jsonrpc.php"
					]
				}
			},
			"response": []
		},
		{
			"name": "04 alert.get",
			"protocolProfileBehavior": {
				"disableBodyPruning": true
			},
			"request": {
				"method": "GET",
				"header": [
					{
						"key": "Content-Type",
						"name": "Content-Type",
						"type": "text",
						"value": "application/json"
					}
				],
				"body": {
					"mode": "raw",
					"raw": "\n\n\n{\n    \"jsonrpc\": \"2.0\",\n    \"method\": \"alert.get\",\n    \"params\": {\n        \"output\": \"extend\",\n        \"actionids\": \"3\"\n    },\n    \"auth\": \"126b9783b7f19818a94f7701ca5866b9\",\n    \"id\": 1\n}"
				},
				"url": {
					"raw": "https://monitor.blocktime.com.br/zabbix/api_jsonrpc.php",
					"protocol": "https",
					"host": [
						"monitor",
						"blocktime",
						"com",
						"br"
					],
					"path": [
						"zabbix",
						"api_jsonrpc.php"
					]
				}
			},
			"response": []
		},
		{
			"name": "04 application.get",
			"protocolProfileBehavior": {
				"disableBodyPruning": true
			},
			"request": {
				"method": "GET",
				"header": [
					{
						"key": "Content-Type",
						"name": "Content-Type",
						"value": "application/json",
						"type": "text"
					}
				],
				"body": {
					"mode": "raw",
					"raw": "\n\n{\n    \"jsonrpc\": \"2.0\",\n    \"method\": \"application.get\",\n    \"params\": {\n        \"output\": \"extend\",\n        \"hostids\": \"10001\",\n        \"sortfield\": \"name\"\n    },\n    \"auth\": \"126b9783b7f19818a94f7701ca5866b9\",\n    \"id\": 1\n}"
				},
				"url": {
					"raw": "https://monitor.blocktime.com.br/zabbix/api_jsonrpc.php",
					"protocol": "https",
					"host": [
						"monitor",
						"blocktime",
						"com",
						"br"
					],
					"path": [
						"zabbix",
						"api_jsonrpc.php"
					]
				}
			},
			"response": []
		},
		{
			"name": "05 configuration.export",
			"protocolProfileBehavior": {
				"disableBodyPruning": true
			},
			"request": {
				"method": "GET",
				"header": [
					{
						"key": "Content-Type",
						"name": "Content-Type",
						"type": "text",
						"value": "application/json"
					}
				],
				"body": {
					"mode": "raw",
					"raw": "{\r\n    \"jsonrpc\": \"2.0\",\r\n    \"method\": \"configuration.export\",\r\n    \"params\": {\r\n        \"options\": {\r\n            \"hosts\": [\r\n                \"10161\"\r\n            ]\r\n        },\r\n        \"format\": \"xml\"\r\n    },\r\n    \"auth\": \"126b9783b7f19818a94f7701ca5866b9\",\r\n    \"id\": 3\r\n}"
				},
				"url": {
					"raw": "https://monitor.blocktime.com.br/zabbix/api_jsonrpc.php",
					"protocol": "https",
					"host": [
						"monitor",
						"blocktime",
						"com",
						"br"
					],
					"path": [
						"zabbix",
						"api_jsonrpc.php"
					]
				}
			},
			"response": []
		},
		{
			"name": "06 dhost.get",
			"protocolProfileBehavior": {
				"disableBodyPruning": true
			},
			"request": {
				"method": "GET",
				"header": [
					{
						"key": "Content-Type",
						"name": "Content-Type",
						"type": "text",
						"value": "application/json"
					}
				],
				"body": {
					"mode": "raw",
					"raw": "{\r\n    \"jsonrpc\": \"2.0\",\r\n    \"method\": \"dhost.get\",\r\n    \"params\": {\r\n        \"output\": \"extend\",\r\n        \"selectDServices\": \"extend\",\r\n        \"druleids\": \"4\"\r\n    },\r\n    \"auth\": \"126b9783b7f19818a94f7701ca5866b9\",\r\n    \"id\": 1\r\n}"
				},
				"url": {
					"raw": "https://monitor.blocktime.com.br/zabbix/api_jsonrpc.php",
					"protocol": "https",
					"host": [
						"monitor",
						"blocktime",
						"com",
						"br"
					],
					"path": [
						"zabbix",
						"api_jsonrpc.php"
					]
				}
			},
			"response": []
		},
		{
			"name": "07 dservice.get",
			"protocolProfileBehavior": {
				"disableBodyPruning": true
			},
			"request": {
				"method": "GET",
				"header": [
					{
						"key": "Content-Type",
						"name": "Content-Type",
						"type": "text",
						"value": "application/json"
					}
				],
				"body": {
					"mode": "raw",
					"raw": "{\r\n    \"jsonrpc\": \"2.0\",\r\n    \"method\": \"dservice.get\",\r\n    \"params\": {\r\n        \"output\": \"extend\",\r\n        \"dhostids\": \"11\"\r\n    },\r\n    \"auth\": \"126b9783b7f19818a94f7701ca5866b9\",\r\n    \"id\": 1\r\n}"
				},
				"url": {
					"raw": "https://monitor.blocktime.com.br/zabbix/api_jsonrpc.php",
					"protocol": "https",
					"host": [
						"monitor",
						"blocktime",
						"com",
						"br"
					],
					"path": [
						"zabbix",
						"api_jsonrpc.php"
					]
				}
			},
			"response": []
		},
		{
			"name": "08 dcheck.get",
			"protocolProfileBehavior": {
				"disableBodyPruning": true
			},
			"request": {
				"method": "GET",
				"header": [
					{
						"key": "Content-Type",
						"name": "Content-Type",
						"type": "text",
						"value": "application/json"
					}
				],
				"body": {
					"mode": "raw",
					"raw": "{\r\n    \"jsonrpc\": \"2.0\",\r\n    \"method\": \"dcheck.get\",\r\n    \"params\": {\r\n        \"output\": \"extend\",\r\n        \"dcheckids\": \"6\"\r\n    },\r\n    \"auth\": \"126b9783b7f19818a94f7701ca5866b9\",\r\n    \"id\": 1\r\n}"
				},
				"url": {
					"raw": "https://monitor.blocktime.com.br/zabbix/api_jsonrpc.php",
					"protocol": "https",
					"host": [
						"monitor",
						"blocktime",
						"com",
						"br"
					],
					"path": [
						"zabbix",
						"api_jsonrpc.php"
					]
				}
			},
			"response": []
		},
		{
			"name": "09 drule.get",
			"protocolProfileBehavior": {
				"disableBodyPruning": true
			},
			"request": {
				"method": "GET",
				"header": [
					{
						"key": "Content-Type",
						"name": "Content-Type",
						"type": "text",
						"value": "application/json"
					}
				],
				"body": {
					"mode": "raw",
					"raw": "{\r\n    \"jsonrpc\": \"2.0\",\r\n    \"method\": \"drule.get\",\r\n    \"params\": {\r\n        \"output\": \"extend\",\r\n        \"selectDChecks\": \"extend\"\r\n    },\r\n    \"auth\": \"126b9783b7f19818a94f7701ca5866b9\",\r\n    \"id\": 1\r\n}"
				},
				"url": {
					"raw": "https://monitor.blocktime.com.br/zabbix/api_jsonrpc.php",
					"protocol": "https",
					"host": [
						"monitor",
						"blocktime",
						"com",
						"br"
					],
					"path": [
						"zabbix",
						"api_jsonrpc.php"
					]
				}
			},
			"response": []
		},
		{
			"name": "10 event.get",
			"protocolProfileBehavior": {
				"disableBodyPruning": true
			},
			"request": {
				"method": "GET",
				"header": [
					{
						"key": "Content-Type",
						"name": "Content-Type",
						"type": "text",
						"value": "application/json"
					}
				],
				"body": {
					"mode": "raw",
					"raw": "{\r\n    \"jsonrpc\": \"2.0\",\r\n    \"method\": \"item.get\",\r\n    \"params\": {\r\n        \"output\": \"extend\",\r\n        \"hostids\": \"10084\",\r\n        \"search\": {\r\n            \"key_\": \"system\"\r\n        },\r\n        \"sortfield\": \"name\"\r\n    },\r\n    \"auth\": \"126b9783b7f19818a94f7701ca5866b9\",\r\n    \"id\": 1\r\n}"
				},
				"url": {
					"raw": "https://monitor.blocktime.com.br/zabbix/api_jsonrpc.php",
					"protocol": "https",
					"host": [
						"monitor",
						"blocktime",
						"com",
						"br"
					],
					"path": [
						"zabbix",
						"api_jsonrpc.php"
					]
				}
			},
			"response": []
		},
		{
			"name": "11 graph.get",
			"protocolProfileBehavior": {
				"disableBodyPruning": true
			},
			"request": {
				"method": "GET",
				"header": [
					{
						"key": "Content-Type",
						"name": "Content-Type",
						"type": "text",
						"value": "application/json"
					}
				],
				"body": {
					"mode": "raw",
					"raw": "{\r\n    \"jsonrpc\": \"2.0\",\r\n    \"method\": \"graph.get\",\r\n    \"params\": {\r\n        \"output\": \"extend\",\r\n        \"hostids\": 10107,\r\n        \"sortfield\": \"name\"\r\n    },\r\n    \"auth\": \"126b9783b7f19818a94f7701ca5866b9\",\r\n    \"id\": 1\r\n}"
				},
				"url": {
					"raw": "https://monitor.blocktime.com.br/zabbix/api_jsonrpc.php",
					"protocol": "https",
					"host": [
						"monitor",
						"blocktime",
						"com",
						"br"
					],
					"path": [
						"zabbix",
						"api_jsonrpc.php"
					]
				}
			},
			"response": []
		},
		{
			"name": "12 graphitem.get",
			"protocolProfileBehavior": {
				"disableBodyPruning": true
			},
			"request": {
				"method": "GET",
				"header": [
					{
						"key": "Content-Type",
						"name": "Content-Type",
						"type": "text",
						"value": "application/json"
					}
				],
				"body": {
					"mode": "raw",
					"raw": "{\r\n    \"jsonrpc\": \"2.0\",\r\n    \"method\": \"graphitem.get\",\r\n    \"params\": {\r\n        \"output\": \"extend\",\r\n        \"graphids\": \"387\"\r\n    },\r\n    \"auth\": \"126b9783b7f19818a94f7701ca5866b9\",\r\n    \"id\": 1\r\n}"
				},
				"url": {
					"raw": "https://monitor.blocktime.com.br/zabbix/api_jsonrpc.php",
					"protocol": "https",
					"host": [
						"monitor",
						"blocktime",
						"com",
						"br"
					],
					"path": [
						"zabbix",
						"api_jsonrpc.php"
					]
				}
			},
			"response": []
		},
		{
			"name": "13 graphprototype.get",
			"protocolProfileBehavior": {
				"disableBodyPruning": true
			},
			"request": {
				"method": "GET",
				"header": [
					{
						"key": "Content-Type",
						"name": "Content-Type",
						"type": "text",
						"value": "application/json"
					}
				],
				"body": {
					"mode": "raw",
					"raw": "{\r\n    \"jsonrpc\": \"2.0\",\r\n    \"method\": \"graphprototype.get\",\r\n    \"params\": {\r\n        \"output\": \"extend\",\r\n        \"discoveryids\": \"27426\"\r\n    },\r\n    \"auth\": \"126b9783b7f19818a94f7701ca5866b9\",\r\n    \"id\": 1\r\n}"
				},
				"url": {
					"raw": "https://monitor.blocktime.com.br/zabbix/api_jsonrpc.php",
					"protocol": "https",
					"host": [
						"monitor",
						"blocktime",
						"com",
						"br"
					],
					"path": [
						"zabbix",
						"api_jsonrpc.php"
					]
				}
			},
			"response": []
		},
		{
			"name": "14 history.get",
			"protocolProfileBehavior": {
				"disableBodyPruning": true
			},
			"request": {
				"method": "GET",
				"header": [
					{
						"key": "Content-Type",
						"name": "Content-Type",
						"type": "text",
						"value": "application/json"
					}
				],
				"body": {
					"mode": "raw",
					"raw": "{\r\n    \"jsonrpc\": \"2.0\",\r\n    \"method\": \"history.get\",\r\n    \"params\": {\r\n        \"output\": \"extend\",\r\n        \"history\": 0,\r\n        \"itemids\": \"23296\",\r\n        \"sortfield\": \"clock\",\r\n        \"sortorder\": \"DESC\",\r\n        \"limit\": 10\r\n    },\r\n    \"auth\": \"126b9783b7f19818a94f7701ca5866b9\",\r\n    \"id\": 1\r\n}"
				},
				"url": {
					"raw": "https://monitor.blocktime.com.br/zabbix/api_jsonrpc.php",
					"protocol": "https",
					"host": [
						"monitor",
						"blocktime",
						"com",
						"br"
					],
					"path": [
						"zabbix",
						"api_jsonrpc.php"
					]
				}
			},
			"response": []
		},
		{
			"name": "15 host.get",
			"protocolProfileBehavior": {
				"disableBodyPruning": true
			},
			"request": {
				"method": "GET",
				"header": [
					{
						"key": "Content-Type",
						"name": "Content-Type",
						"type": "text",
						"value": "application/json"
					}
				],
				"body": {
					"mode": "raw",
					"raw": "{\r\n    \"jsonrpc\": \"2.0\",\r\n    \"method\": \"host.get\",\r\n    \"params\": {\r\n        \"filter\": {\r\n            \"host\": [\r\n                \"Zabbix server\",\r\n                \"Linux server\"\r\n            ]\r\n        }\r\n    },\r\n    \"auth\": \"126b9783b7f19818a94f7701ca5866b9\",\r\n    \"id\": 1\r\n}"
				},
				"url": {
					"raw": "https://monitor.blocktime.com.br/zabbix/api_jsonrpc.php",
					"protocol": "https",
					"host": [
						"monitor",
						"blocktime",
						"com",
						"br"
					],
					"path": [
						"zabbix",
						"api_jsonrpc.php"
					]
				}
			},
			"response": []
		},
		{
			"name": "16 hostgroup.get",
			"protocolProfileBehavior": {
				"disableBodyPruning": true
			},
			"request": {
				"method": "GET",
				"header": [
					{
						"key": "Content-Type",
						"name": "Content-Type",
						"type": "text",
						"value": "application/json"
					}
				],
				"body": {
					"mode": "raw",
					"raw": "{\r\n    \"jsonrpc\": \"2.0\",\r\n    \"method\": \"hostgroup.get\",\r\n    \"params\": {\r\n        \"output\": \"extend\",\r\n        \"filter\": {\r\n            \"name\": [\r\n                \"Zabbix servers\",\r\n                \"Linux servers\"\r\n            ]\r\n        }\r\n    },\r\n    \"auth\": \"126b9783b7f19818a94f7701ca5866b9\",\r\n    \"id\": 1\r\n}"
				},
				"url": {
					"raw": "https://monitor.blocktime.com.br/zabbix/api_jsonrpc.php",
					"protocol": "https",
					"host": [
						"monitor",
						"blocktime",
						"com",
						"br"
					],
					"path": [
						"zabbix",
						"api_jsonrpc.php"
					]
				}
			},
			"response": []
		},
		{
			"name": "17 hostinterface.get",
			"protocolProfileBehavior": {
				"disableBodyPruning": true
			},
			"request": {
				"method": "GET",
				"header": [
					{
						"key": "Content-Type",
						"name": "Content-Type",
						"type": "text",
						"value": "application/json"
					}
				],
				"body": {
					"mode": "raw",
					"raw": "{\r\n    \"jsonrpc\": \"2.0\",\r\n    \"method\": \"hostinterface.get\",\r\n    \"params\": {\r\n        \"output\": \"extend\",\r\n        \"hostids\": \"30057\"\r\n    },\r\n    \"auth\": \"126b9783b7f19818a94f7701ca5866b9\",\r\n    \"id\": 1\r\n}"
				},
				"url": {
					"raw": "https://monitor.blocktime.com.br/zabbix/api_jsonrpc.php",
					"protocol": "https",
					"host": [
						"monitor",
						"blocktime",
						"com",
						"br"
					],
					"path": [
						"zabbix",
						"api_jsonrpc.php"
					]
				}
			},
			"response": []
		},
		{
			"name": "18 hostprototype.get",
			"protocolProfileBehavior": {
				"disableBodyPruning": true
			},
			"request": {
				"method": "GET",
				"header": [
					{
						"key": "Content-Type",
						"name": "Content-Type",
						"type": "text",
						"value": "application/json"
					}
				],
				"body": {
					"mode": "raw",
					"raw": "{\r\n    \"jsonrpc\": \"2.0\",\r\n    \"method\": \"hostprototype.get\",\r\n    \"params\": {\r\n        \"output\": \"extend\",\r\n        \"selectGroupLinks\": \"extend\",\r\n        \"selectGroupPrototypes\": \"extend\",\r\n        \"discoveryids\": \"23554\"\r\n    },\r\n    \"auth\": \"126b9783b7f19818a94f7701ca5866b9\",\r\n    \"id\": 1\r\n}"
				},
				"url": {
					"raw": "https://monitor.blocktime.com.br/zabbix/api_jsonrpc.php",
					"protocol": "https",
					"host": [
						"monitor",
						"blocktime",
						"com",
						"br"
					],
					"path": [
						"zabbix",
						"api_jsonrpc.php"
					]
				}
			},
			"response": []
		},
		{
			"name": "19 iconmap.get",
			"protocolProfileBehavior": {
				"disableBodyPruning": true
			},
			"request": {
				"method": "GET",
				"header": [
					{
						"key": "Content-Type",
						"name": "Content-Type",
						"type": "text",
						"value": "application/json"
					}
				],
				"body": {
					"mode": "raw",
					"raw": "{\r\n    \"jsonrpc\": \"2.0\",\r\n    \"method\": \"iconmap.get\",\r\n    \"params\": {\r\n        \"iconmapids\": \"3\",\r\n        \"output\": \"extend\",\r\n        \"selectMappings\": \"extend\"\r\n    },\r\n    \"auth\": \"126b9783b7f19818a94f7701ca5866b9\",\r\n    \"id\": 1\r\n}"
				},
				"url": {
					"raw": "https://monitor.blocktime.com.br/zabbix/api_jsonrpc.php",
					"protocol": "https",
					"host": [
						"monitor",
						"blocktime",
						"com",
						"br"
					],
					"path": [
						"zabbix",
						"api_jsonrpc.php"
					]
				}
			},
			"response": []
		},
		{
			"name": "20 image.get",
			"protocolProfileBehavior": {
				"disableBodyPruning": true
			},
			"request": {
				"method": "GET",
				"header": [
					{
						"key": "Content-Type",
						"name": "Content-Type",
						"type": "text",
						"value": "application/json"
					}
				],
				"body": {
					"mode": "raw",
					"raw": "{\r\n    \"jsonrpc\": \"2.0\",\r\n    \"method\": \"image.get\",\r\n    \"params\": {\r\n        \"output\": \"extend\",\r\n        \"select_image\": true,\r\n        \"imageids\": \"2\"\r\n    },\r\n    \"auth\": \"126b9783b7f19818a94f7701ca5866b9\",\r\n    \"id\": 1\r\n}"
				},
				"url": {
					"raw": "https://monitor.blocktime.com.br/zabbix/api_jsonrpc.php",
					"protocol": "https",
					"host": [
						"monitor",
						"blocktime",
						"com",
						"br"
					],
					"path": [
						"zabbix",
						"api_jsonrpc.php"
					]
				}
			},
			"response": []
		},
		{
			"name": "21 item.get",
			"protocolProfileBehavior": {
				"disableBodyPruning": true
			},
			"request": {
				"method": "GET",
				"header": [
					{
						"key": "Content-Type",
						"name": "Content-Type",
						"type": "text",
						"value": "application/json"
					}
				],
				"body": {
					"mode": "raw",
					"raw": "{\r\n    \"jsonrpc\": \"2.0\",\r\n    \"method\": \"item.get\",\r\n    \"params\": {\r\n        \"output\": \"extend\",\r\n        \"hostids\": \"10084\",\r\n        \"search\": {\r\n            \"key_\": \"system\"\r\n        },\r\n        \"sortfield\": \"name\"\r\n    },\r\n    \"auth\": \"126b9783b7f19818a94f7701ca5866b9\",\r\n    \"id\": 1\r\n}"
				},
				"url": {
					"raw": "https://monitor.blocktime.com.br/zabbix/api_jsonrpc.php",
					"protocol": "https",
					"host": [
						"monitor",
						"blocktime",
						"com",
						"br"
					],
					"path": [
						"zabbix",
						"api_jsonrpc.php"
					]
				}
			},
			"response": []
		},
		{
			"name": "22 itemprototype.get",
			"protocolProfileBehavior": {
				"disableBodyPruning": true
			},
			"request": {
				"method": "GET",
				"header": [
					{
						"key": "Content-Type",
						"name": "Content-Type",
						"type": "text",
						"value": "application/json"
					}
				],
				"body": {
					"mode": "raw",
					"raw": "{\r\n    \"jsonrpc\": \"2.0\",\r\n    \"method\": \"itemprototype.get\",\r\n    \"params\": {\r\n        \"output\": \"extend\",\r\n        \"discoveryids\": \"27426\"\r\n    },\r\n    \"auth\": \"126b9783b7f19818a94f7701ca5866b9\",\r\n    \"id\": 1\r\n}"
				},
				"url": {
					"raw": "https://monitor.blocktime.com.br/zabbix/api_jsonrpc.php",
					"protocol": "https",
					"host": [
						"monitor",
						"blocktime",
						"com",
						"br"
					],
					"path": [
						"zabbix",
						"api_jsonrpc.php"
					]
				}
			},
			"response": []
		},
		{
			"name": "23 service.get",
			"protocolProfileBehavior": {
				"disableBodyPruning": true
			},
			"request": {
				"method": "GET",
				"header": [
					{
						"key": "Content-Type",
						"name": "Content-Type",
						"type": "text",
						"value": "application/json"
					}
				],
				"body": {
					"mode": "raw",
					"raw": "{\r\n    \"jsonrpc\": \"2.0\",\r\n    \"method\": \"service.get\",\r\n    \"params\": {\r\n        \"output\": \"extend\",\r\n        \"selectDependencies\": \"extend\"\r\n    },\r\n    \"auth\": \"126b9783b7f19818a94f7701ca5866b9\",\r\n    \"id\": 1\r\n}"
				},
				"url": {
					"raw": "https://monitor.blocktime.com.br/zabbix/api_jsonrpc.php",
					"protocol": "https",
					"host": [
						"monitor",
						"blocktime",
						"com",
						"br"
					],
					"path": [
						"zabbix",
						"api_jsonrpc.php"
					]
				}
			},
			"response": []
		},
		{
			"name": "24 discoveryrule.get",
			"protocolProfileBehavior": {
				"disableBodyPruning": true
			},
			"request": {
				"method": "GET",
				"header": [
					{
						"key": "Content-Type",
						"name": "Content-Type",
						"type": "text",
						"value": "application/json"
					}
				],
				"body": {
					"mode": "raw",
					"raw": "{\r\n    \"jsonrpc\": \"2.0\",\r\n    \"method\": \"discoveryrule.get\",\r\n    \"params\": {\r\n        \"output\": \"extend\",\r\n        \"hostids\": \"10202\"\r\n    },\r\n    \"auth\": \"126b9783b7f19818a94f7701ca5866b9\",\r\n    \"id\": 1\r\n}"
				},
				"url": {
					"raw": "https://monitor.blocktime.com.br/zabbix/api_jsonrpc.php",
					"protocol": "https",
					"host": [
						"monitor",
						"blocktime",
						"com",
						"br"
					],
					"path": [
						"zabbix",
						"api_jsonrpc.php"
					]
				}
			},
			"response": []
		},
		{
			"name": "25 maintenance.get",
			"protocolProfileBehavior": {
				"disableBodyPruning": true
			},
			"request": {
				"method": "GET",
				"header": [
					{
						"key": "Content-Type",
						"name": "Content-Type",
						"type": "text",
						"value": "application/json"
					}
				],
				"body": {
					"mode": "raw",
					"raw": "{\r\n    \"jsonrpc\": \"2.0\",\r\n    \"method\": \"maintenance.get\",\r\n    \"params\": {\r\n        \"output\": \"extend\",\r\n        \"selectGroups\": \"extend\",\r\n        \"selectTimeperiods\": \"extend\"\r\n    },\r\n    \"auth\": \"126b9783b7f19818a94f7701ca5866b9\",\r\n    \"id\": 1\r\n}"
				},
				"url": {
					"raw": "https://monitor.blocktime.com.br/zabbix/api_jsonrpc.php",
					"protocol": "https",
					"host": [
						"monitor",
						"blocktime",
						"com",
						"br"
					],
					"path": [
						"zabbix",
						"api_jsonrpc.php"
					]
				}
			},
			"response": []
		},
		{
			"name": "26 map.get",
			"protocolProfileBehavior": {
				"disableBodyPruning": true
			},
			"request": {
				"method": "GET",
				"header": [
					{
						"key": "Content-Type",
						"name": "Content-Type",
						"type": "text",
						"value": "application/json"
					}
				],
				"body": {
					"mode": "raw",
					"raw": "{\r\n    \"jsonrpc\": \"2.0\",\r\n    \"method\": \"map.get\",\r\n    \"params\": {\r\n        \"output\": \"extend\",\r\n        \"selectSelements\": \"extend\",\r\n        \"selectLinks\": \"extend\",\r\n        \"selectUsers\": \"extend\",\r\n        \"selectUserGroups\": \"extend\",\r\n        \"sysmapids\": \"3\"\r\n    },\r\n    \"auth\": \"126b9783b7f19818a94f7701ca5866b9\",\r\n    \"id\": 1\r\n}"
				},
				"url": {
					"raw": "https://monitor.blocktime.com.br/zabbix/api_jsonrpc.php",
					"protocol": "https",
					"host": [
						"monitor",
						"blocktime",
						"com",
						"br"
					],
					"path": [
						"zabbix",
						"api_jsonrpc.php"
					]
				}
			},
			"response": []
		},
		{
			"name": "27 usermedia.get",
			"protocolProfileBehavior": {
				"disableBodyPruning": true
			},
			"request": {
				"method": "GET",
				"header": [
					{
						"key": "Content-Type",
						"name": "Content-Type",
						"type": "text",
						"value": "application/json"
					}
				],
				"body": {
					"mode": "raw",
					"raw": "{\r\n    \"jsonrpc\": \"2.0\",\r\n    \"method\": \"usermedia.get\",\r\n    \"params\": {\r\n        \"output\": \"extend\",\r\n        \"userids\": \"1\"\r\n    },\r\n    \"auth\": \"126b9783b7f19818a94f7701ca5866b9\",\r\n    \"id\": 1\r\n}"
				},
				"url": {
					"raw": "https://monitor.blocktime.com.br/zabbix/api_jsonrpc.php",
					"protocol": "https",
					"host": [
						"monitor",
						"blocktime",
						"com",
						"br"
					],
					"path": [
						"zabbix",
						"api_jsonrpc.php"
					]
				}
			},
			"response": []
		},
		{
			"name": "28 mediatype.get",
			"protocolProfileBehavior": {
				"disableBodyPruning": true
			},
			"request": {
				"method": "GET",
				"header": [
					{
						"key": "Content-Type",
						"name": "Content-Type",
						"type": "text",
						"value": "application/json"
					}
				],
				"body": {
					"mode": "raw",
					"raw": "{\r\n    \"jsonrpc\": \"2.0\",\r\n    \"method\": \"mediatype.get\",\r\n    \"params\": {\r\n        \"output\": \"extend\"\r\n    },\r\n    \"auth\": \"126b9783b7f19818a94f7701ca5866b9\",\r\n    \"id\": 1\r\n}"
				},
				"url": {
					"raw": "https://monitor.blocktime.com.br/zabbix/api_jsonrpc.php",
					"protocol": "https",
					"host": [
						"monitor",
						"blocktime",
						"com",
						"br"
					],
					"path": [
						"zabbix",
						"api_jsonrpc.php"
					]
				}
			},
			"response": []
		},
		{
			"name": "29 proxy.get",
			"protocolProfileBehavior": {
				"disableBodyPruning": true
			},
			"request": {
				"method": "GET",
				"header": [
					{
						"key": "Content-Type",
						"name": "Content-Type",
						"type": "text",
						"value": "application/json"
					}
				],
				"body": {
					"mode": "raw",
					"raw": "{\r\n    \"jsonrpc\": \"2.0\",\r\n    \"method\": \"proxy.get\",\r\n    \"params\": {\r\n        \"output\": \"extend\",\r\n        \"selectInterface\": \"extend\"\r\n    },\r\n    \"auth\": \"126b9783b7f19818a94f7701ca5866b9\",\r\n    \"id\": 1\r\n}"
				},
				"url": {
					"raw": "https://monitor.blocktime.com.br/zabbix/api_jsonrpc.php",
					"protocol": "https",
					"host": [
						"monitor",
						"blocktime",
						"com",
						"br"
					],
					"path": [
						"zabbix",
						"api_jsonrpc.php"
					]
				}
			},
			"response": []
		},
		{
			"name": "30 screen.get",
			"protocolProfileBehavior": {
				"disableBodyPruning": true
			},
			"request": {
				"method": "GET",
				"header": [
					{
						"key": "Content-Type",
						"name": "Content-Type",
						"type": "text",
						"value": "application/json"
					}
				],
				"body": {
					"mode": "raw",
					"raw": "{\r\n    \"jsonrpc\": \"2.0\",\r\n    \"method\": \"screen.get\",\r\n    \"params\": {\r\n        \"output\": \"extend\",\r\n        \"selectScreenItems\": \"extend\",\r\n        \"selectUsers\": \"extend\",\r\n        \"selectUserGroups\": \"extend\",\r\n        \"screenids\": \"26\"\r\n    },\r\n    \"auth\": \"126b9783b7f19818a94f7701ca5866b9\",\r\n    \"id\": 1\r\n}"
				},
				"url": {
					"raw": "https://monitor.blocktime.com.br/zabbix/api_jsonrpc.php",
					"protocol": "https",
					"host": [
						"monitor",
						"blocktime",
						"com",
						"br"
					],
					"path": [
						"zabbix",
						"api_jsonrpc.php"
					]
				}
			},
			"response": []
		},
		{
			"name": "31 screenitem.get",
			"protocolProfileBehavior": {
				"disableBodyPruning": true
			},
			"request": {
				"method": "GET",
				"header": [
					{
						"key": "Content-Type",
						"name": "Content-Type",
						"type": "text",
						"value": "application/json"
					}
				],
				"body": {
					"mode": "raw",
					"raw": "{\r\n    \"jsonrpc\": \"2.0\",\r\n    \"method\": \"screenitem.get\",\r\n    \"params\": {\r\n        \"output\": \"extend\",\r\n        \"screenids\": \"3\"\r\n    },\r\n    \"auth\": \"126b9783b7f19818a94f7701ca5866b9\",\r\n    \"id\": 1\r\n}"
				},
				"url": {
					"raw": "https://monitor.blocktime.com.br/zabbix/api_jsonrpc.php",
					"protocol": "https",
					"host": [
						"monitor",
						"blocktime",
						"com",
						"br"
					],
					"path": [
						"zabbix",
						"api_jsonrpc.php"
					]
				}
			},
			"response": []
		},
		{
			"name": "32  script.get",
			"protocolProfileBehavior": {
				"disableBodyPruning": true
			},
			"request": {
				"method": "GET",
				"header": [
					{
						"key": "Content-Type",
						"name": "Content-Type",
						"type": "text",
						"value": "application/json"
					}
				],
				"body": {
					"mode": "raw",
					"raw": "{\r\n    \"jsonrpc\": \"2.0\",\r\n    \"method\": \"script.get\",\r\n    \"params\": {\r\n        \"output\": \"extend\"\r\n    },\r\n    \"auth\": \"126b9783b7f19818a94f7701ca5866b9\",\r\n    \"id\": 1\r\n}"
				},
				"url": {
					"raw": "https://monitor.blocktime.com.br/zabbix/api_jsonrpc.php",
					"protocol": "https",
					"host": [
						"monitor",
						"blocktime",
						"com",
						"br"
					],
					"path": [
						"zabbix",
						"api_jsonrpc.php"
					]
				}
			},
			"response": []
		},
		{
			"name": "33 template.get",
			"protocolProfileBehavior": {
				"disableBodyPruning": true
			},
			"request": {
				"method": "GET",
				"header": [
					{
						"key": "Content-Type",
						"name": "Content-Type",
						"type": "text",
						"value": "application/json"
					}
				],
				"body": {
					"mode": "raw",
					"raw": "{\r\n    \"jsonrpc\": \"2.0\",\r\n    \"method\": \"template.get\",\r\n    \"params\": {\r\n        \"output\": \"extend\",\r\n        \"filter\": {\r\n            \"host\": [\r\n                \"Template OS Linux\",\r\n                \"Template OS Windows\"\r\n            ]\r\n        }\r\n    },\r\n    \"auth\": \"126b9783b7f19818a94f7701ca5866b9\",\r\n    \"id\": 1\r\n}"
				},
				"url": {
					"raw": "https://monitor.blocktime.com.br/zabbix/api_jsonrpc.php",
					"protocol": "https",
					"host": [
						"monitor",
						"blocktime",
						"com",
						"br"
					],
					"path": [
						"zabbix",
						"api_jsonrpc.php"
					]
				}
			},
			"response": []
		},
		{
			"name": "34  templatescreen.get",
			"protocolProfileBehavior": {
				"disableBodyPruning": true
			},
			"request": {
				"method": "GET",
				"header": [
					{
						"key": "Content-Type",
						"name": "Content-Type",
						"type": "text",
						"value": "application/json"
					}
				],
				"body": {
					"mode": "raw",
					"raw": "{\r\n    \"jsonrpc\": \"2.0\",\r\n    \"method\": \"templatescreen.get\",\r\n    \"params\":  {\r\n        \"output\": \"extend\",\r\n        \"selectScreenItems\": \"extend\",\r\n        \"templateids\": \"10001\"\r\n    },\r\n    \"auth\": \"126b9783b7f19818a94f7701ca5866b9\",\r\n    \"id\": 1\r\n}"
				},
				"url": {
					"raw": "https://monitor.blocktime.com.br/zabbix/api_jsonrpc.php",
					"protocol": "https",
					"host": [
						"monitor",
						"blocktime",
						"com",
						"br"
					],
					"path": [
						"zabbix",
						"api_jsonrpc.php"
					]
				}
			},
			"response": []
		},
		{
			"name": "35 templatescreenitem.get",
			"protocolProfileBehavior": {
				"disableBodyPruning": true
			},
			"request": {
				"method": "GET",
				"header": [
					{
						"key": "Content-Type",
						"name": "Content-Type",
						"type": "text",
						"value": "application/json"
					}
				],
				"body": {
					"mode": "raw",
					"raw": "{\r\n    \"jsonrpc\": \"2.0\",\r\n    \"method\": \"templatescreenitem.get\",\r\n    \"params\": {\r\n        \"output\": \"extend\",\r\n        \"screenids\": \"15\"\r\n    },\r\n    \"auth\": \"126b9783b7f19818a94f7701ca5866b9\",\r\n    \"id\": 1\r\n}"
				},
				"url": {
					"raw": "https://monitor.blocktime.com.br/zabbix/api_jsonrpc.php",
					"protocol": "https",
					"host": [
						"monitor",
						"blocktime",
						"com",
						"br"
					],
					"path": [
						"zabbix",
						"api_jsonrpc.php"
					]
				}
			},
			"response": []
		},
		{
			"name": "36 trend.get",
			"protocolProfileBehavior": {
				"disableBodyPruning": true
			},
			"request": {
				"method": "GET",
				"header": [
					{
						"key": "Content-Type",
						"name": "Content-Type",
						"type": "text",
						"value": "application/json"
					}
				],
				"body": {
					"mode": "raw",
					"raw": "\r\n{  \r\n   \"jsonrpc\":\"2.0\",\r\n   \"method\":\"trend.get\",\r\n   \"params\":{  \r\n      \"output\":[  \r\n         \"itemid\",\r\n         \"clock\",\r\n         \"num\",\r\n         \"value_min\",\r\n         \"value_avg\",\r\n         \"value_max\"\r\n      ],\r\n      \"itemids\":[  \r\n         \"23715\"\r\n      ],\r\n      \"limit\":\"1\"\r\n   },\r\n   \"auth\":\"126b9783b7f19818a94f7701ca5866b9\",\r\n   \"id\":1\r\n}"
				},
				"url": {
					"raw": "https://monitor.blocktime.com.br/zabbix/api_jsonrpc.php",
					"protocol": "https",
					"host": [
						"monitor",
						"blocktime",
						"com",
						"br"
					],
					"path": [
						"zabbix",
						"api_jsonrpc.php"
					]
				}
			},
			"response": []
		},
		{
			"name": "37 trigger.get",
			"protocolProfileBehavior": {
				"disableBodyPruning": true
			},
			"request": {
				"method": "GET",
				"header": [
					{
						"key": "Content-Type",
						"name": "Content-Type",
						"type": "text",
						"value": "application/json"
					}
				],
				"body": {
					"mode": "raw",
					"raw": "{\r\n    \"jsonrpc\": \"2.0\",\r\n    \"method\": \"trigger.get\",\r\n    \"params\": {\r\n        \"triggerids\": \"14062\",\r\n        \"output\": \"extend\",\r\n        \"selectFunctions\": \"extend\"\r\n    },\r\n    \"auth\": \"126b9783b7f19818a94f7701ca5866b9\",\r\n    \"id\": 1\r\n}"
				},
				"url": {
					"raw": "https://monitor.blocktime.com.br/zabbix/api_jsonrpc.php",
					"protocol": "https",
					"host": [
						"monitor",
						"blocktime",
						"com",
						"br"
					],
					"path": [
						"zabbix",
						"api_jsonrpc.php"
					]
				}
			},
			"response": []
		},
		{
			"name": "38 triggerprototype.get",
			"protocolProfileBehavior": {
				"disableBodyPruning": true
			},
			"request": {
				"method": "GET",
				"header": [
					{
						"key": "Content-Type",
						"name": "Content-Type",
						"type": "text",
						"value": "application/json"
					}
				],
				"body": {
					"mode": "raw",
					"raw": "{\r\n    \"jsonrpc\": \"2.0\",\r\n    \"method\": \"triggerprototype.get\",\r\n    \"params\": {\r\n        \"output\": \"extend\",\r\n        \"selectFunctions\": \"extend\",\r\n        \"discoveryids\": \"22450\"\r\n    },\r\n    \"auth\": \"126b9783b7f19818a94f7701ca5866b9\",\r\n    \"id\": 1\r\n}"
				},
				"url": {
					"raw": "https://monitor.blocktime.com.br/zabbix/api_jsonrpc.php",
					"protocol": "https",
					"host": [
						"monitor",
						"blocktime",
						"com",
						"br"
					],
					"path": [
						"zabbix",
						"api_jsonrpc.php"
					]
				}
			},
			"response": []
		},
		{
			"name": "39 user.get",
			"protocolProfileBehavior": {
				"disableBodyPruning": true
			},
			"request": {
				"method": "GET",
				"header": [
					{
						"key": "Content-Type",
						"name": "Content-Type",
						"type": "text",
						"value": "application/json"
					}
				],
				"body": {
					"mode": "raw",
					"raw": "{\r\n    \"jsonrpc\": \"2.0\",\r\n    \"method\": \"user.get\",\r\n    \"params\": {\r\n        \"output\": \"extend\"\r\n    },\r\n    \"auth\": \"126b9783b7f19818a94f7701ca5866b9\",\r\n    \"id\": 1\r\n}"
				},
				"url": {
					"raw": "https://monitor.blocktime.com.br/zabbix/api_jsonrpc.php",
					"protocol": "https",
					"host": [
						"monitor",
						"blocktime",
						"com",
						"br"
					],
					"path": [
						"zabbix",
						"api_jsonrpc.php"
					]
				}
			},
			"response": []
		},
		{
			"name": "40 usermacro.get",
			"protocolProfileBehavior": {
				"disableBodyPruning": true
			},
			"request": {
				"method": "GET",
				"header": [
					{
						"key": "Content-Type",
						"name": "Content-Type",
						"type": "text",
						"value": "application/json"
					}
				],
				"body": {
					"mode": "raw",
					"raw": "{\r\n    \"jsonrpc\": \"2.0\",\r\n    \"method\": \"usermacro.get\",\r\n    \"params\": {\r\n        \"output\": \"extend\",\r\n        \"hostids\": \"10198\"\r\n    },\r\n    \"auth\": \"126b9783b7f19818a94f7701ca5866b9\",\r\n    \"id\": 1\r\n}"
				},
				"url": {
					"raw": "https://monitor.blocktime.com.br/zabbix/api_jsonrpc.php",
					"protocol": "https",
					"host": [
						"monitor",
						"blocktime",
						"com",
						"br"
					],
					"path": [
						"zabbix",
						"api_jsonrpc.php"
					]
				}
			},
			"response": []
		},
		{
			"name": "41 valuemap.get",
			"protocolProfileBehavior": {
				"disableBodyPruning": true
			},
			"request": {
				"method": "GET",
				"header": [
					{
						"key": "Content-Type",
						"name": "Content-Type",
						"type": "text",
						"value": "application/json"
					}
				],
				"body": {
					"mode": "raw",
					"raw": "{\r\n    \"jsonrpc\": \"2.0\",\r\n    \"method\": \"valuemap.get\",\r\n    \"params\": {\r\n        \"output\": \"extend\"\r\n    },\r\n    \"auth\": \"126b9783b7f19818a94f7701ca5866b9\",\r\n    \"id\": 1\r\n}"
				},
				"url": {
					"raw": "https://monitor.blocktime.com.br/zabbix/api_jsonrpc.php",
					"protocol": "https",
					"host": [
						"monitor",
						"blocktime",
						"com",
						"br"
					],
					"path": [
						"zabbix",
						"api_jsonrpc.php"
					]
				}
			},
			"response": []
		},
		{
			"name": "42 httptest.get",
			"protocolProfileBehavior": {
				"disableBodyPruning": true
			},
			"request": {
				"method": "GET",
				"header": [
					{
						"key": "Content-Type",
						"name": "Content-Type",
						"type": "text",
						"value": "application/json"
					}
				],
				"body": {
					"mode": "raw",
					"raw": "{\r\n    \"jsonrpc\": \"2.0\",\r\n    \"method\": \"httptest.get\",\r\n    \"params\": {\r\n        \"output\": \"extend\",\r\n        \"selectSteps\": \"extend\",\r\n        \"httptestids\": \"9\"\r\n    },\r\n    \"auth\": \"126b9783b7f19818a94f7701ca5866b9\",\r\n    \"id\": 1\r\n}"
				},
				"url": {
					"raw": "https://monitor.blocktime.com.br/zabbix/api_jsonrpc.php",
					"protocol": "https",
					"host": [
						"monitor",
						"blocktime",
						"com",
						"br"
					],
					"path": [
						"zabbix",
						"api_jsonrpc.php"
					]
				}
			},
			"response": []
		},
		{
			"name": "99 user.logoff",
			"protocolProfileBehavior": {
				"disableBodyPruning": true
			},
			"request": {
				"method": "GET",
				"header": [
					{
						"key": "Content-Type",
						"name": "Content-Type",
						"value": "application/json",
						"type": "text"
					}
				],
				"body": {
					"mode": "raw",
					"raw": "NÃO CANCELAR A CHAVE!!!!!!\r\n\r\n\r\n\r\n{\r\n    \"jsonrpc\": \"2.0\",\r\n    \"method\": \"user.logout\",\r\n    \"params\": [],\r\n    \"id\": 1,\r\n    \"auth\": \"\"\r\n}"
				},
				"url": {
					"raw": "https://monitor.blocktime.com.br/zabbix/api_jsonrpc.php",
					"protocol": "https",
					"host": [
						"monitor",
						"blocktime",
						"com",
						"br"
					],
					"path": [
						"zabbix",
						"api_jsonrpc.php"
					]
				}
			},
			"response": []
		}
	]
}