Aprovado;Aprovado;Aprovado;True;01/12/2018 16:35:23
Aprovado;Aprovado;Aprovado;True;01/12/2018 16:35:23
excluido;excluido;excluido;False;25/04/1987 00:00:00
Aprovado;Aprovado;Aprovado;True;01/12/2018 16:35:23
Aprovado;Aprovado;Aprovado;True;01/12/2018 16:35:23
Aprovado;Aprovado;Aprovado;True;01/12/2018 16:35:23
Aprovado;Aprovado;Aprovado;True;01/12/2018 16:35:23
Aprovado;Aprovado;Aprovado;True;01/12/2018 16:35:23
Aprovado;Aprovado;Aprovado;True;01/12/2018 16:35:23
Aprovado;Aprovado;Aprovado;True;01/12/2018 16:35:23
excluido;excluido;excluido;False;25/04/1987 00:00:00
Aprovado;Aprovado;Aprovado;True;01/12/2018 16:35:23
Aprovado;Aprovado;Aprovado;True;01/12/2018 16:35:23
