1;Muito Bom! Parabéns pelo trabalho.;Carlos Eduardo Tsukamoto;São Paulo;10/12/2018 11:22:49
2;Muito bom;Carlos Eduardo Tsukamoto;São Paulo;10/12/2018 11:24:34
3;Parabéns!;Renato;Minas;10/12/2018 11:27:14
4;Teste Administrador!;Administrador;São Paulo;10/12/2018 11:31:12
5;Teste;Administrador;São Paulo;11/12/2018 08:01:54
6;Teste 01;Ricardo;Osasco;11/12/2018 08:22:50
7;teste 3;Ricardo;Osasco;11/12/2018 08:25:47
8;Teste;Ricardo;Osasco;11/12/2018 08:26:32
9;Teste 5;Ricardo;Osasco;11/12/2018 08:27:05
10;Teste;Administrador;São Paulo;11/12/2018 08:38:43
11;Teste 6;Administrador;São Paulo;11/12/2018 08:39:59
