{
	"info": {
		"_postman_id": "cf54076f-4d97-41bb-a764-b3a47610ed8c",
		"name": "Pizzaria",
		"schema": "https://schema.getpostman.com/json/collection/v2.1.0/collection.json"
	},
	"item": [
		{
			"name": "ListarAdministradores",
			"request": {
				"method": "GET",
				"header": [],
				"body": {
					"mode": "raw",
					"raw": ""
				},
				"url": {
					"raw": "http://localhost:5000/api/Administradores",
					"protocol": "http",
					"host": [
						"localhost"
					],
					"port": "5000",
					"path": [
						"api",
						"Administradores"
					]
				}
			},
			"response": []
		},
		{
			"name": "EditarAdministradores",
			"request": {
				"method": "PUT",
				"header": [
					{
						"key": "Content-Type",
						"name": "Content-Type",
						"value": "application/json",
						"type": "text"
					}
				],
				"body": {
					"mode": "raw",
					"raw": " {\n        \"id\": 5,\n        \"nome\": \"NovoAdministradorModificado\",\n        \"senha\": \"NovaSenhaModificado\"\n    }"
				},
				"url": {
					"raw": "http://localhost:5000/api/Administradores",
					"protocol": "http",
					"host": [
						"localhost"
					],
					"port": "5000",
					"path": [
						"api",
						"Administradores"
					]
				}
			},
			"response": []
		},
		{
			"name": "AdicionarAdministrador",
			"request": {
				"method": "POST",
				"header": [
					{
						"key": "Content-Type",
						"name": "Content-Type",
						"value": "application/json",
						"type": "text"
					}
				],
				"body": {
					"mode": "raw",
					"raw": "{\n\t\"nome\": \"NovoAdministrador\",\n\t\"senha\": \"NovaSenha\"\n}"
				},
				"url": {
					"raw": "http://localhost:5000/api/Administradores",
					"protocol": "http",
					"host": [
						"localhost"
					],
					"port": "5000",
					"path": [
						"api",
						"Administradores"
					]
				}
			},
			"response": []
		},
		{
			"name": "ListarPizzarias",
			"request": {
				"method": "GET",
				"header": [],
				"body": {
					"mode": "raw",
					"raw": ""
				},
				"url": {
					"raw": "http://localhost:5000/api/Pizzarias",
					"protocol": "http",
					"host": [
						"localhost"
					],
					"port": "5000",
					"path": [
						"api",
						"Pizzarias"
					]
				}
			},
			"response": []
		},
		{
			"name": "EditarPizzaria",
			"request": {
				"method": "PUT",
				"header": [
					{
						"key": "Content-Type",
						"name": "Content-Type",
						"value": "application/json",
						"type": "text"
					}
				],
				"body": {
					"mode": "raw",
					"raw": "  {\n        \"id\": 5,\n        \"endereco\": \"Rua Nova Ricardinho, 173\",\n        \"telefone\": \"11111-122331\",\n        \"vegana\": false,\n        \"nome\": \"Nova Ricardinho Pizzas\"\n    }"
				},
				"url": {
					"raw": "http://localhost:5000/api/Pizzarias",
					"protocol": "http",
					"host": [
						"localhost"
					],
					"port": "5000",
					"path": [
						"api",
						"Pizzarias"
					]
				}
			},
			"response": []
		},
		{
			"name": "ApagarPizzaria",
			"request": {
				"method": "DELETE",
				"header": [
					{
						"key": "Content-Type",
						"name": "Content-Type",
						"type": "text",
						"value": "application/json"
					}
				],
				"body": {
					"mode": "raw",
					"raw": "  {\n        \n       \n    }"
				},
				"url": {
					"raw": "http://localhost:5000/api/Pizzarias",
					"protocol": "http",
					"host": [
						"localhost"
					],
					"port": "5000",
					"path": [
						"api",
						"Pizzarias"
					]
				}
			},
			"response": []
		},
		{
			"name": "AdicionarPizzaria",
			"request": {
				"method": "POST",
				"header": [
					{
						"key": "Content-Type",
						"name": "Content-Type",
						"value": "application/json",
						"type": "text"
					}
				],
				"body": {
					"mode": "raw",
					"raw": " {\n        \n        \"endereco\": \"Rua Ricardinho, 173\",\n        \"telefone\": \"11111-12221\",\n        \"vegana\": true,\n        \"nome\": \"Ricardinho Pizzas\"\n    }"
				},
				"url": {
					"raw": "http://localhost:5000/api/Pizzarias",
					"protocol": "http",
					"host": [
						"localhost"
					],
					"port": "5000",
					"path": [
						"api",
						"Pizzarias"
					]
				}
			},
			"response": []
		},
		{
			"name": "Login",
			"request": {
				"method": "GET",
				"header": [],
				"body": {
					"mode": "raw",
					"raw": ""
				},
				"url": {
					"raw": ""
				}
			},
			"response": []
		}
	]
}